MaterialCorpusID,MaterialID,CorpusName,Reference,IsPrimaryReferece
00001,0001,EDCS,EDCS-28600125,1
00002,0002,EDCS,EDCS-28600128,1
00003,0003,EDCS,EDCS-04201550,1
00004,0004,EDCS,EDCS-72200021,1
00005,0005,EDCS,EDCS-20601178,1
00006,0006,EDCS,EDCS-20601179,1
00007,0007,EDCS,EDCS-20601180,1
00008,0008,EDCS,EDCS-20601181,1
00009,0009,EDCS,EDCS-20601183,1
00010,0010,EDCS,EDCS-20601184,1
00011,0011,EDCS,EDCS-20601174,1
00012,0012,EDCS,EDCS-20601175,1
00013,0013,EDCS,EDCS-30000207,1
00014,0014,EDCS,EDCS-30000208,1
00015,0015,EDCS,EDCS-32300075,1
00016,0016,EDCS,EDCS-10000837,1
00017,0017,EDCS,EDCS-30200433,1
00018,0018,EDCS,EDCS-30200434,1
00019,0019,EDCS,EDCS-31200487,1
00020,0020,EDCS,EDCS-30200435,1
00021,0021,EDCS,EDCS-31200488,1
00022,0022,EDCS,EDCS-31200489,1
00023,0023,EDCS,EDCS-31200490,1
00024,0024,EDCS,EDCS-30200436,1
00025,0025,EDCS,EDCS-31200501,1
00026,0026,EDCS,EDCS-31200504,1
00027,0027,EDCS,EDCS-31200507,1
00028,0028,EDCS,EDCS-31200514,1
00029,0029,EDCS,EDCS-31200515,1
00030,0030,EDCS,EDCS-31200516,1
00031,0031,EDCS,EDCS-31200518,1
00032,0032,EDCS,EDCS-31200521,1
00033,0033,EDCS,EDCS-31200524,1
00034,0034,EDCS,EDCS-31200525,1
00035,0035,EDCS,EDCS-31200527,1
00036,0036,EDCS,EDCS-31200528,1
00037,0037,EDCS,EDCS-31200529,1
00038,0038,EDCS,EDCS-31200531,1
00039,0039,EDCS,EDCS-31200534,1
00040,0040,EDCS,EDCS-31200538,1
00041,0041,EDCS,EDCS-31200545,1
00042,0042,EDCS,EDCS-03000732,1
00043,0043,EDCS,EDCS-27400589,1
00044,0044,EDCS,EDCS-27400590,1
00045,0045,EDCS,EDCS-31500389,1
00046,0046,EDCS,EDCS-10000652,1
00047,0047,EDCS,EDCS-28300058,1
00048,0048,EDCS,EDCS-30100422,1
00049,0049,EDCS,EDCS-30100426,1
00050,0050,EDCS,EDCS-30100427,1
00051,0051,EDCS,EDCS-30200126,1
00052,0052,EDCS,EDCS-32700500,1
00053,0053,EDCS,EDCS-10000244,1
00054,0054,EDCS,EDCS-10000760,1
00055,0055,EDCS,EDCS-28300101,1
00056,0056,EDCS,EDCS-71300207,1
00057,0057,EDCS,EDCS-30301451,1
00058,0058,EDCS,EDCS-29900022,1
00059,0059,EDCS,EDCS-00380803,1
00060,0060,EDCS,EDCS-00380804,1
00061,0061,EDCS,EDCS-00380801,1
00062,0062,EDCS,EDCS-00380802,1
00063,0063,EDCS,EDCS-31200876,1
00064,0064,EDCS,EDCS-31200877,1
00065,0065,EDCS,EDCS-31200878,1
00066,0066,EDCS,EDCS-58000077,1
00067,0067,EDCS,EDCS-10100785,1
00068,0068,EDCS,EDCS-10100790,1
00069,0069,EDCS,EDCS-57200004,1
00070,0070,EDCS,EDCS-30101159,1
00071,0071,EDCS,EDCS-28300034,1
00072,0072,EDCS,EDCS-28300035,1
00073,0073,EDCS,EDCS-28300036,1
00074,0074,EDCS,EDCS-28300037,1
00075,0075,EDCS,EDCS-28300038,1
00076,0076,EDCS,EDCS-28300039,1
00077,0077,EDCS,EDCS-28300040,1
00078,0078,EDCS,EDCS-28300041,1
00079,0079,EDCS,EDCS-28300042,1
00080,0080,EDCS,EDCS-24400345,1
00081,0081,EDCS,EDCS-28300043,1
00082,0082,EDCS,EDCS-28300047,1
00083,0083,EDCS,EDCS-28300048,1
00084,0084,EDCS,EDCS-28300051,1
00085,0085,EDCS,EDCS-28300052,1
00086,0086,EDCS,EDCS-30100403,1
00087,0087,EDCS,EDCS-30100404,1
00088,0088,EDCS,EDCS-30100405,1
00089,0089,EDCS,EDCS-30100406,1
00090,0090,EDCS,EDCS-30100407,1
00091,0091,EDCS,EDCS-30100409,1
00092,0092,EDCS,EDCS-30100410,1
00093,0093,EDCS,EDCS-30100411,1
00094,0094,EDCS,EDCS-31900027,1
00095,0095,EDCS,EDCS-29900112,1
00096,0096,EDCS,EDCS-31900029,1
00097,0097,EDCS,EDCS-31900030,1
00098,0098,EDCS,EDCS-31900031,1
00099,0099,EDCS,EDCS-30200431,1
00100,0100,EDCS,EDCS-16900021,1
00101,0101,EDCS,EDCS-24400350,1
00102,0102,EDCS,EDCS-30200432,1
00103,0103,EDCS,EDCS-16900022,1
00104,0104,EDCS,EDCS-32700489,1
00105,0105,EDCS,EDCS-32700490,1
00106,0106,EDCS,EDCS-32700492,1
00107,0107,EDCS,EDCS-28300068,1
00108,0108,EDCS,EDCS-28300070,1
00109,0109,EDCS,EDCS-30200136,1
00110,0110,EDCS,EDCS-30200139,1
00111,0111,EDCS,EDCS-32700504,1
00112,0112,EDCS,EDCS-32700505,1
00113,0113,EDCS,EDCS-10100909,1
00114,0114,EDCS,EDCS-10101868,1
00115,0115,EDCS,EDCS-10100608,1
00116,0116,EDCS,EDCS-07400592,1
00117,0117,EDCS,EDCS-31300303,1
00118,0118,EDCS,EDCS-10100864,1
00119,0119,EDCS,EDCS-10100865,1
00120,0120,EDCS,EDCS-10100866,1
00121,0121,EDCS,EDCS-10100867,1
00122,0122,EDCS,EDCS-10100871,1
00123,0123,EDCS,EDCS-10100872,1
00124,0124,EDCS,EDCS-10100873,1
00125,0125,EDCS,EDCS-10100875,1
00126,0126,EDCS,EDCS-10100876,1
00127,0127,EDCS,EDCS-10100877,1
00128,0128,EDCS,EDCS-10100878,1
00129,0129,EDCS,EDCS-30101161,1
00130,0130,EDCS,EDCS-66200163,1
00131,0131,EDCS,EDCS-51400004,1
00132,0132,EDCS,EDCS-31900304,1
00133,0133,EDCS,EDCS-31900306,1
00134,0134,EDCS,EDCS-31900307,1
00135,0135,EDCS,EDCS-31900309,1
00136,0136,EDCS,EDCS-30100677,1
00137,0137,EDCS,EDCS-10000684,1
00138,0138,EDCS,EDCS-10100861,1
00139,0139,EDCS,EDCS-56900033,1
00140,0140,EDCS,EDCS-30900093,1
00141,0141,EDCS,EDCS-41300186,1
00142,0142,EDCS,EDCS-41300187,1
00143,0143,EDCS,EDCS-41300188,1
00144,0144,EDCS,EDCS-41300189,1
00145,0145,EDCS,EDCS-28300153,1
00146,0146,EDCS,EDCS-28300161,1
00147,0147,EDCS,EDCS-28300162,1
00148,0148,EDCS,EDCS-28300163,1
00149,0149,EDCS,EDCS-28300164,1
00150,0150,EDCS,EDCS-28300165,1
00151,0151,EDCS,EDCS-28300167,1
00152,0152,EDCS,EDCS-28300168,1
00153,0153,EDCS,EDCS-28300170,1
00154,0154,EDCS,EDCS-30301398,1
00155,0155,EDCS,EDCS-30301399,1
00156,0156,EDCS,EDCS-30301400,1
00157,0157,EDCS,EDCS-31300272,1
00158,0158,EDCS,EDCS-31400326,1
00159,0159,EDCS,EDCS-31400327,1
00160,0160,EDCS,EDCS-29900060,1
00161,0161,EDCS,EDCS-30100695,1
00162,0162,EDCS,EDCS-32700562,1
00163,0163,EDCS,EDCS-32700563,1
00164,0164,EDCS,EDCS-32700566,1
00165,0165,EDCS,EDCS-32700567,1
00166,0166,EDCS,EDCS-32700568,1
00167,0167,EDCS,EDCS-32700569,1
00168,0168,EDCS,EDCS-32700570,1
00169,0169,EDCS,EDCS-32700571,1
00170,0170,EDCS,EDCS-32700572,1
00171,0171,EDCS,EDCS-32700573,1
00172,0172,EDCS,EDCS-32700574,1
00173,0173,EDCS,EDCS-32700575,1
00174,0174,EDCS,EDCS-31200486,1
00175,0175,EDCS,EDCS-04600017,1
00176,0176,EDCS,EDCS-55100445,1
00177,0177,EDCS,EDCS-10000846,1
00178,0178,EDCS,EDCS-10000847,1
00179,0179,EDCS,EDCS-10000848,1
00180,0180,EDCS,EDCS-10000849,1
00181,0181,EDCS,EDCS-10000850,1
00182,0182,EDCS,EDCS-10000851,1
00183,0183,EDCS,EDCS-10000852,1
00184,0184,EDCS,EDCS-10000853,1
00185,0185,EDCS,EDCS-10000854,1
00186,0186,EDCS,EDCS-10000855,1
00187,0187,EDCS,EDCS-10000858,1
00188,0188,EDCS,EDCS-10000859,1
00189,0189,EDCS,EDCS-10000861,1
00190,0190,EDCS,EDCS-10000862,1
00191,0191,EDCS,EDCS-10000863,1
00192,0192,EDCS,EDCS-10000866,1
00193,0193,EDCS,EDCS-10101837,1
00194,0194,EDCS,EDCS-10101838,1
00195,0195,EDCS,EDCS-10101839,1
00196,0196,EDCS,EDCS-10101840,1
00197,0197,EDCS,EDCS-10101842,1
00198,0198,EDCS,EDCS-10101843,1
00199,0199,EDCS,EDCS-10101844,1
00200,0200,EDCS,EDCS-10101845,1
00201,0201,EDCS,EDCS-69000085,1
00202,0202,EDCS,EDCS-81300027,1
00203,0203,EDCS,EDCS-28400134,1
00204,0204,EDCS,EDCS-28400136,1
00205,0205,EDCS,EDCS-28400137,1
00206,0206,EDCS,EDCS-28400138,1
00207,0207,EDCS,EDCS-28400139,1
00208,0208,EDCS,EDCS-30301487,1
00209,0209,EDCS,EDCS-30301480,1
00210,0210,EDCS,EDCS-30200438,1
00211,0211,EDCS,EDCS-55701992,1
00212,0212,EDCS,EDCS-55701993,1
00213,0213,EDCS,EDCS-30301402,1
00214,0214,EDCS,EDCS-28800885,1
00215,0215,EDCS,EDCS-30600030,1
00216,0216,EDCS,EDCS-30600031,1
00217,0217,EDCS,EDCS-30301403,1
00218,0218,EDCS,EDCS-30301404,1
00219,0219,EDCS,EDCS-30301405,1
00220,0220,EDCS,EDCS-30301406,1
00221,0221,EDCS,EDCS-30301407,1
00222,0222,EDCS,EDCS-30301410,1
00223,0223,EDCS,EDCS-30301422,1
00224,0224,EDCS,EDCS-30301427,1
00225,0225,EDCS,EDCS-32300039,1
00226,0226,EDCS,EDCS-32300042,1
00227,0227,EDCS,EDCS-32300043,1
00228,0228,EDCS,EDCS-32300048,1
00229,0229,EDCS,EDCS-10000662,1
00230,0230,EDCS,EDCS-28400381,1
00231,0231,EDCS,EDCS-30800082,1
00232,0232,EDCS,EDCS-28400307,1
00233,0233,EDCS,EDCS-28400308,1
00234,0234,EDCS,EDCS-28400309,1
00235,0235,EDCS,EDCS-30600566,1
00236,0236,EDCS,EDCS-30600568,1
00237,0237,EDCS,EDCS-30600570,1
00238,0238,EDCS,EDCS-31900305,1
00239,0239,EDCS,EDCS-31400248,1
00240,0240,EDCS,EDCS-29900118,1
00241,0241,EDCS,EDCS-10000216,1
00242,0242,EDCS,EDCS-10000218,1
00243,0243,EDCS,EDCS-10000219,1
00244,0244,EDCS,EDCS-08901077,1
00245,0245,EDCS,EDCS-56900036,1
00246,0246,EDCS,EDCS-57200021,1
00247,0247,EDCS,EDCS-56900115,1
00248,0248,EDCS,EDCS-30600027,1
00249,0249,EDCS,EDCS-30600029,1
00250,0250,EDCS,EDCS-10000940,1
00251,0251,EDCS,EDCS-28400116,1
00252,0252,EDCS,EDCS-28400117,1
00253,0253,EDCS,EDCS-10000299,1
00254,0254,EDCS,EDCS-28400238,1
00255,0255,EDCS,EDCS-57100085,1
00256,0256,EDCS,EDCS-31400694,1
00257,0257,EDCS,EDCS-31400408,1
00258,0258,EDCS,EDCS-30200437,1
00259,0259,EDCS,EDCS-31200522,1
00260,0260,EDCS,EDCS-30101162,1
00261,0261,EDCS,EDCS-30600026,1
00262,0262,EDCS,EDCS-10101964,1
00263,0263,EDCS,EDCS-28400368,1
00264,0264,EDCS,EDCS-30900100,1
00265,0265,EDCS,EDCS-30600140,1
00266,0266,EDCS,EDCS-30301392,1
00267,0267,EDCS,EDCS-27500009,1
00268,0268,EDCS,EDCS-27500010,1
00269,0269,EDCS,EDCS-30200149,1
00270,0270,EDCS,EDCS-10000768,1
00271,0271,EDCS,EDCS-08300491,1
00272,0272,EDCS,EDCS-10100902,1
00273,0273,EDCS,EDCS-10100903,1
00274,0274,EDCS,EDCS-28300146,1
00275,0275,EDCS,EDCS-28300147,1
00276,0276,EDCS,EDCS-30600024,1
00277,0277,EDCS,EDCS-55701984,1
00278,0278,EDCS,EDCS-27500032,1
00279,0279,EDCS,EDCS-27500041,1
00280,0280,EDCS,EDCS-27601616,1
00281,0281,EDCS,EDCS-27601577,1
00282,0282,EDCS,EDCS-27601578,1
00283,0283,EDCS,EDCS-27601580,1
00284,0284,EDCS,EDCS-27601581,1
00285,0285,EDCS,EDCS-27601582,1
00286,0286,EDCS,EDCS-27601583,1
00287,0287,EDCS,EDCS-27601619,1
00288,0288,EDCS,EDCS-27601584,1
00289,0289,EDCS,EDCS-27601620,1
00290,0290,EDCS,EDCS-27601585,1
00291,0291,EDCS,EDCS-27601587,1
00292,0292,EDCS,EDCS-27601588,1
00293,0293,EDCS,EDCS-27601621,1
00294,0294,EDCS,EDCS-24400333,1
00295,0295,EDCS,EDCS-27601590,1
00296,0296,EDCS,EDCS-27601591,1
00297,0297,EDCS,EDCS-27601592,1
00298,0298,EDCS,EDCS-27601623,1
00299,0299,EDCS,EDCS-27601593,1
00300,0300,EDCS,EDCS-27601594,1
00301,0301,EDCS,EDCS-27601595,1
00302,0302,EDCS,EDCS-27601600,1
00303,0303,EDCS,EDCS-27601601,1
00304,0304,EDCS,EDCS-27601626,1
00305,0305,EDCS,EDCS-27601627,1
00306,0306,EDCS,EDCS-27601639,1
00307,0307,EDCS,EDCS-27601603,1
00308,0308,EDCS,EDCS-27601604,1
00309,0309,EDCS,EDCS-27601605,1
00310,0310,EDCS,EDCS-27601606,1
00311,0311,EDCS,EDCS-27601608,1
00312,0312,EDCS,EDCS-27601611,1
00313,0313,EDCS,EDCS-27601612,1
00314,0314,EDCS,EDCS-54900234,1
00315,0315,EDCS,EDCS-28701352,1
00316,0316,EDCS,EDCS-28701358,1
00317,0317,EDCS,EDCS-28701372,1
00318,0318,EDCS,EDCS-28700941,1
00319,0319,EDCS,EDCS-31400661,1
00320,0320,EDCS,EDCS-28700948,1
00321,0321,EDCS,EDCS-28700950,1
00322,0322,EDCS,EDCS-28700951,1
00323,0323,EDCS,EDCS-28700952,1
00324,0324,EDCS,EDCS-28700956,1
00325,0325,EDCS,EDCS-28700953,1
00326,0326,EDCS,EDCS-28700954,1
00327,0327,EDCS,EDCS-28800854,1
00328,0328,EDCS,EDCS-28800855,1
00329,0329,EDCS,EDCS-28800861,1
00330,0330,EDCS,EDCS-28800863,1
00331,0331,EDCS,EDCS-31400663,1
00332,0332,EDCS,EDCS-28800864,1
00333,0333,EDCS,EDCS-28800847,1
00334,0334,EDCS,EDCS-28800848,1
00335,0335,EDCS,EDCS-28800849,1
00336,0336,EDCS,EDCS-31400664,1
00337,0337,EDCS,EDCS-28800865,1
00338,0338,EDCS,EDCS-28800867,1
00339,0339,EDCS,EDCS-31400714,1
00340,0340,EDCS,EDCS-31400717,1
00341,0341,EDCS,EDCS-31400718,1
00342,0342,EDCS,EDCS-31400719,1
00343,0343,EDCS,EDCS-31400720,1
00344,0344,EDCS,EDCS-30100681,1
00345,0345,EDCS,EDCS-32201067,1
00346,0346,EDCS,EDCS-32201071,1
00347,0347,EDCS,EDCS-32700262,1
00348,0348,EDCS,EDCS-32700263,1
00349,0349,EDCS,EDCS-32700270,1
00350,0350,EDCS,EDCS-32700271,1
00351,0351,EDCS,EDCS-12300218,1
00352,0352,EDCS,EDCS-12300242,1
00353,0353,EDCS,EDCS-10000692,1
00354,0354,EDCS,EDCS-10000694,1
00355,0355,EDCS,EDCS-10101053,1
00356,0356,EDCS,EDCS-10101054,1
00357,0357,EDCS,EDCS-10101055,1
00358,0358,EDCS,EDCS-10101056,1
00359,0359,EDCS,EDCS-10101060,1
00360,0360,EDCS,EDCS-10101159,1
00361,0361,EDCS,EDCS-10101234,1
00362,0362,EDCS,EDCS-10101619,1
00363,0363,EDCS,EDCS-10101620,1
00364,0364,EDCS,EDCS-03000748,1
00365,0365,EDCS,EDCS-05000668,1
00366,0366,EDCS,EDCS-05000667,1
00367,0367,EDCS,EDCS-44200207,1
00368,0368,EDCS,EDCS-82800027,1
00369,0369,EDCS,EDCS-30600028,1
00370,0370,EDCS,EDCS-29500345,1
00371,0371,EDCS,EDCS-30301342,1
00372,0372,EDCS,EDCS-10101830,1
00373,0373,EDCS,EDCS-30200377,1
00374,0374,EDCS,EDCS-10000746,1
00375,0375,EDCS,EDCS-10100883,1
00376,0376,EDCS,EDCS-10100884,1
00377,0377,EDCS,EDCS-10100891,1
00378,0378,EDCS,EDCS-10100892,1
00379,0379,EDCS,EDCS-10100893,1
00380,0380,EDCS,EDCS-10100894,1
00381,0381,EDCS,EDCS-10100895,1
00382,0382,EDCS,EDCS-03300743,1
00383,0383,EDCS,EDCS-03300744,1
00384,0384,EDCS,EDCS-28300004,1
00385,0385,EDCS,EDCS-30000205,1
00386,0386,EDCS,EDCS-28400283,1
00387,0387,EDCS,EDCS-07000812,1
00388,0388,EDCS,EDCS-30301374,1
00389,0389,EDCS,EDCS-75300231,1
00390,0390,EDCS,EDCS-30000209,1
00391,0391,EDCS,EDCS-55300298,1
00392,0392,EDCS,EDCS-26600656,1
00393,0393,EDCS,EDCS-26600661,1
00394,0394,EDCS,EDCS-26600672,1
00395,0395,EDCS,EDCS-26600673,1
00396,0396,EDCS,EDCS-26600674,1
00397,0397,EDCS,EDCS-27500162,1
00398,0398,EDCS,EDCS-31900271,1
00399,0399,EDCS,EDCS-31500392,1
00400,0400,EDCS,EDCS-30800078,1
00401,0401,EDCS,EDCS-66100167,1
00402,0402,EDCS,EDCS-78300751,1
00403,0403,EDCS,EDCS-10000668,1
00404,0404,EDCS,EDCS-10000336,1
00405,0405,EDCS,EDCS-14800173,1
00406,0406,EDCS,EDCS-14800172,1
00407,0407,EDCS,EDCS-14800171,1
00408,0408,EDCS,EDCS-07600348,1
00409,0409,EDCS,EDCS-28400159,1
00410,0410,EDCS,EDCS-28400161,1
00411,0411,EDCS,EDCS-28400162,1
00412,0412,EDCS,EDCS-28400163,1
00413,0413,EDCS,EDCS-28400164,1
00414,0414,EDCS,EDCS-28400165,1
00415,0415,EDCS,EDCS-28400166,1
00416,0416,EDCS,EDCS-28400167,1
00417,0417,EDCS,EDCS-28400168,1
00418,0418,EDCS,EDCS-28400169,1
00419,0419,EDCS,EDCS-28400223,1
00420,0420,EDCS,EDCS-10000900,1
00421,0421,EDCS,EDCS-10000910,1
00422,0422,EDCS,EDCS-10000911,1
00423,0423,EDCS,EDCS-09800270,1
00424,0424,EDCS,EDCS-63400228,1
00425,0425,EDCS,EDCS-64100417,1
00426,0426,EDCS,EDCS-31200692,1
00427,0427,EDCS,EDCS-55300299,1
00428,0428,EDCS,EDCS-55300300,1
00429,0429,EDCS,EDCS-55300301,1
00430,0430,EDCS,EDCS-55300302,1
00431,0431,EDCS,EDCS-55300303,1
00432,0432,EDCS,EDCS-55300304,1
00433,0433,EDCS,EDCS-55300305,1
00434,0434,EDCS,EDCS-55300306,1
00435,0435,EDCS,EDCS-71400059,1
00436,0436,EDCS,EDCS-31200493,1
00437,0437,EDCS,EDCS-31200494,1
00438,0438,EDCS,EDCS-31200495,1
00439,0439,EDCS,EDCS-31200496,1
00440,0440,EDCS,EDCS-31200541,1
00441,0441,EDCS,EDCS-31200542,1
00442,0442,EDCS,EDCS-31200546,1
00443,0443,EDCS,EDCS-31200547,1
00444,0444,EDCS,EDCS-31200548,1
00445,0445,EDCS,EDCS-31200549,1
00446,0446,EDCS,EDCS-31200550,1
00447,0447,EDCS,EDCS-31200552,1
00448,0448,EDCS,EDCS-31200553,1
00449,0449,EDCS,EDCS-31200554,1
00450,0450,EDCS,EDCS-31200555,1
00451,0451,EDCS,EDCS-71400032,1
00452,0452,EDCS,EDCS-71400034,1
00453,0453,EDCS,EDCS-71400035,1
00454,0454,EDCS,EDCS-71400037,1
00455,0455,EDCS,EDCS-71400031,1
00456,0456,EDCS,EDCS-73700314,1
00457,0457,EDCS,EDCS-55300311,1
00458,0458,EDCS,EDCS-55300312,1
00459,0459,EDCS,EDCS-79100133,1
00460,0460,EDCS,EDCS-59500032,1
00461,0461,EDCS,EDCS-68300240,1
00462,0462,EDCS,EDCS-68300242,1
00463,0463,EDCS,EDCS-68300241,1
00464,0464,EDCS,EDCS-31300510,1
00465,0465,EDCS,EDCS-31400473,1
00466,0466,EDCS,EDCS-31400474,1
00467,0467,EDCS,EDCS-31400475,1
00468,0468,EDCS,EDCS-31200709,1
00469,0469,EDCS,EDCS-32300092,1
00470,0470,EDCS,EDCS-32701045,1
00471,0471,EDCS,EDCS-35200314,1
00472,0472,EDCS,EDCS-55100681,1
00473,0473,EDCS,EDCS-55300313,1
00474,0474,EDCS,EDCS-55300314,1
00475,0475,EDCS,EDCS-55300315,1
00476,0476,EDCS,EDCS-31400695,1
00477,0477,EDCS,EDCS-31400696,1
00478,0478,EDCS,EDCS-31400697,1
00479,0479,EDCS,EDCS-31300588,1
00480,0480,EDCS,EDCS-32700976,1
00481,0481,EDCS,EDCS-10100907,1
00482,0482,EDCS,EDCS-30301393,1
00483,0483,EDCS,EDCS-30600004,1
00484,0484,EDCS,EDCS-10101984,1
00485,0485,EDCS,EDCS-78300707,1
00486,0486,EDCS,EDCS-56900031,1
00487,0487,EDCS,EDCS-57300176,1
00488,0488,EDCS,EDCS-10100862,1
00489,0489,EDCS,EDCS-75700070,1
00490,0490,EDCS,EDCS-75300233,1
00491,0491,EDCS,EDCS-28300166,1
00492,0492,EDCS,EDCS-31400471,1
00493,0493,EDCS,EDCS-31400472,1
00494,0494,EDCS,EDCS-32700974,1
00495,0495,EDCS,EDCS-32700975,1
00496,0496,EDCS,EDCS-32700984,1
00497,0497,EDCS,EDCS-55200058,1
00498,0498,EDCS,EDCS-10101841,1
00499,0499,EDCS,EDCS-63400006,1
00500,0500,EDCS,EDCS-63400008,1
00501,0501,EDCS,EDCS-63400005,1
00502,0502,EDCS,EDCS-10100992,1
00503,0503,EDCS,EDCS-30301419,1
00504,0504,EDCS,EDCS-31300514,1
00505,0505,EDCS,EDCS-32701029,1
00506,0506,EDCS,EDCS-32701030,1
00507,0507,EDCS,EDCS-32701031,1
00508,0508,EDCS,EDCS-32701032,1
00509,0509,EDCS,EDCS-55300307,1
00510,0510,EDCS,EDCS-54900237,1
00511,0511,EDCS,EDCS-56900024,1
00512,0512,EDCS,EDCS-66600372,1
00513,0513,EDCS,EDCS-10100920,1
00514,0514,EDCS,EDCS-32700979,1
00515,0515,EDCS,EDCS-65500117,1
00516,0516,EDCS,EDCS-37900108,1
00517,0517,EDCS,EDCS-55300308,1
00518,0518,EDCS,EDCS-55300309,1
00519,0519,EDCS,EDCS-55300310,1
00520,0520,EDCS,EDCS-73900198,1
00521,0521,EDCS,EDCS-32700983,1
00522,0522,EDCS,EDCS-10101058,1
00523,0523,EDCS,EDCS-10101316,1
00524,0524,EDCS,EDCS-10101404,1
00525,0525,EDCS,EDCS-10101405,1
00526,0526,EDCS,EDCS-10101463,1
00527,0527,EDCS,EDCS-10101517,1
00528,0528,EDCS,EDCS-10101571,1
00529,0529,EDCS,EDCS-57300150,1
00530,0530,EDCS,EDCS-55300316,1
00531,0531,EDCS,EDCS-74200209,1
00532,0532,EDCS,EDCS-74200214,1
00533,0533,EDCS,EDCS-32700977,1
00534,0534,EDCS,EDCS-32700978,1
00535,0535,EDCS,EDCS-29900063,1
00536,0536,EDCS,EDCS-31400409,1
00537,0537,EDCS,EDCS-63400052,1
00538,0538,EDCS,EDCS-63400024,1
00539,0539,EDCS,EDCS-63400025,1
00540,0540,EDCS,EDCS-63400040,1
00541,0541,EDCS,EDCS-63400059,1
00542,0542,EDCS,EDCS-63400081,1
00543,0543,EDCS,EDCS-63400085,1
00544,0544,EDCS,EDCS-63400090,1
00545,0545,EDCS,EDCS-63400116,1
00546,0546,EDCS,EDCS-63400218,1
00547,0547,EDCS,EDCS-63400224,1
00548,0548,EDCS,EDCS-63400227,1
00549,0001,OtherRef,"CIL 03, 03162a (p 1650) = CIL 05, *00333 = CIL 11, *00123a4 = Legio-VII 00003",
00550,0002,OtherRef,"CIL 03, 03164 (p 1038, 1650) = CIL 03, 09816 = D 02505",
00551,0003,OtherRef,"CIL 05, 02498 = MHM-2018-104 = Tozzi-2017, 00051",
00552,0004,OtherRef,"CIL 03, 02883 (p 1634, 2273) = D 05953a",
00553,0005,OtherRef,"AE 2000, 01178",
00554,0006,OtherRef,"AE 2000, 01179",
00555,0007,OtherRef,"AE 2000, 01180a",
00556,0008,OtherRef,"AE 2000, 01180b",
00557,0009,OtherRef,"AE 2000, 01180d",
00558,0010,OtherRef,"AE 2000, 01180e",
00559,0011,OtherRef,"Legio-VII 00031 = AE 2000, 01174",
00560,0012,OtherRef,"Legio-XV-Apo 00183 = AE 1979, 00445 = AE 2000, 01175",
00561,0013,OtherRef,"CIL 03, 09709",
00562,0014,OtherRef,"CIL 03, 09710 (p 1475)",
00563,0015,OtherRef,"CIL 03, 14329 = AHB p 438",
00564,0016,OtherRef,"ILJug-02, 00825",
00565,0017,OtherRef,"CIL 03, 14985 = ILJug-02, 00851 = Liburnia 00137",
00566,0018,OtherRef,"CIL 03, 14997,2 = ILJug-03, 02813 = AE 1903, 00304",
00567,0019,OtherRef,"CIL 03, 15002",
00568,0020,OtherRef,"CIL 03, 15003 = ILJug-03, 02821",
00569,0021,OtherRef,"CIL 03, 15004 (p 2328,114)",
00570,0022,OtherRef,"CIL 03, 15004a (p 2328,114)",
00571,0023,OtherRef,"CIL 03, 15005 (p 2328,114)",
00572,0024,OtherRef,"CIL 03, 15005,1 = ILJug-03, 02815",
00573,0025,OtherRef,"CIL 03, 15010a",
00574,0026,OtherRef,"CIL 03, 15013",
00575,0027,OtherRef,"CIL 03, 15014a",
00576,0028,OtherRef,"CIL 03, 15017a",
00577,0029,OtherRef,"CIL 03, 15018 = Liburnia 00113",
00578,0030,OtherRef,"CIL 03, 15019 = Liburnia 00114",
00579,0031,OtherRef,"CIL 03, 15021 = CIL 03, 15034 = AE 1908, 00193",
00580,0032,OtherRef,"CIL 03, 15024",
00581,0033,OtherRef,"CIL 03, 15027 = ILJug-03, 02834",
00582,0034,OtherRef,"CIL 03, 15028",
00583,0035,OtherRef,"CIL 03, 15029a",
00584,0036,OtherRef,"CIL 03, 15029b",
00585,0037,OtherRef,"CIL 03, 15030",
00586,0038,OtherRef,"CIL 03, 15031",
00587,0039,OtherRef,"CIL 03, 15033",
00588,0040,OtherRef,"CIL 03, 15036a",
00589,0041,OtherRef,"CIL 03, 15039",
00590,0042,OtherRef,"REMCacak 00013 = AE 1996, 01199 = AE 2001, +01605",
00591,0043,OtherRef,"CIL 03, 01742 (p 1492)",
00592,0044,OtherRef,"CIL 03, 01743 (p 1028)",
00593,0045,OtherRef,"CIL 03, 08406",
00594,0046,OtherRef,"ILJug-02, 00636 = AE 1964, 00227 = AE 1966, 00280 = AE 1989, 00608 = AE 2008, +01035",
00595,0047,OtherRef,"CIL 03, 02733 = ZPE-7-85 = Legio-VII 00073 = AE 1977, 00613",
00596,0048,OtherRef,"CIL 03, 09756",
00597,0049,OtherRef,"CIL 03, 09760",
00598,0050,OtherRef,"CIL 03, 09761 (p 1475) = Legio-VII 00062",
00599,0051,OtherRef,"CIL 03, 09771",
00600,0052,OtherRef,"CIL 03, 14946 (p 2328,114) = Legio-VII 00044 = AE 1900, 00139",
00601,0053,OtherRef,"ILJug-01, 00145 = AE 1950, 00045",
00602,0054,OtherRef,"ILJug-02, 00748",
00603,0055,OtherRef,"CIL 03, 02772 = Legio-VII 00049",
00604,0056,OtherRef,"AE 2014, 01013",
00605,0057,OtherRef,"CIL 03, 09939 (p 1475) = Legio-VII 00037 = AE 1890, 00051",
00606,0058,OtherRef,"CIL 03, 12794 (p 2328,114) = D 05952 = Legio-VII 00098 = Grbic-2014, 00034 = AE 1891, 00017",
00607,0059,OtherRef,"AE 1994, 01357",
00608,0060,OtherRef,"AE 1994, 01358",
00609,0061,OtherRef,"Legio-VII 00021 = AE 1994, 01355",
00610,0062,OtherRef,"ZPE-138-273 = AE 1994, 01356 = AE 2002, 01118",
00611,0063,OtherRef,"CIL 03, 08287a = CIL 03, 12692,2 = CIL 03, 13819a = Doclea 00022,2 = CILGM 00103,2",
00612,0064,OtherRef,"CIL 03, 08287b = CIL 03, 12692,1 = CIL 03, 13819b = Doclea 00022,1 = CILGM 00103,1",
00613,0065,OtherRef,"CIL 03, 08287c = CIL 03, 12692,3 = CIL 03, 13819c = Doclea 00022,4 = CILGM 00103,4",
00614,0066,OtherRef,"CIL 03, 12693 = CIL 03, 12694 = CIL 03, 13820 = CIL 03, 18321 = Doclea 00023 = Bergemann 00092 = CILGM 00104 = CILGM 00105 = CILGM 00173 = CILGM 00174 = AE 1897, 00007 = AE 1897, 00008",
00615,0067,OtherRef,"ILJug-03, 01828 = CILGM 00183",
00616,0068,OtherRef,"ILJug-03, 01834 = Mihailov p 427 = CILGM 00204 = AE 1978, 00734 = AE 1995, 01227",
00617,0069,OtherRef,Kurilic 00004 = Liburnia 00072,
00618,0070,OtherRef,"AE 2003, 01328",
00619,0071,OtherRef,"CIL 03, 02708 = CIL 03, 09725",
00620,0072,OtherRef,"CIL 03, 02709 (p 2328,154) = D 02252 = Legio-VII 00002",
00621,0073,OtherRef,"CIL 03, 02710 = CIL 03, 09726 = D 02253 = Legio-VII 00012",
00622,0074,OtherRef,"CIL 03, 02711",
00623,0075,OtherRef,"CIL 03, 02712 (p 2328,154) = CIL 03, 09727",
00624,0076,OtherRef,"CIL 03, 02713",
00625,0077,OtherRef,"CIL 03, 02714 (p 1475) = CIL 03, 09736 = Legio-VII 00022",
00626,0078,OtherRef,"CIL 03, 02715 = Legio-VII 00024",
00627,0079,OtherRef,"CIL 03, 02716 (p 1610, 2269) = Legio-VII 00046",
00628,0080,OtherRef,"CIL 03, 02717 = CIL 03, 09728 = Philippi 00708 = Legio-VII 00061 = CIPh-02-01, p 398",
00629,0081,OtherRef,"CIL 03, 02718 (p 1610)",
00630,0082,OtherRef,"CIL 03, 02722 = CIL 03, 09729 = CLE + 00145 = CLE 01536 = AE 2008, +00017",
00631,0083,OtherRef,"CIL 03, 02723 (p 2328,154)",
00632,0084,OtherRef,"CIL 03, 02726",
00633,0085,OtherRef,"CIL 03, 02727",
00634,0086,OtherRef,"CIL 03, 09733 (p 1475) = CLE 00077 = Legio-VII 00008",
00635,0087,OtherRef,"CIL 03, 09734 (p 1475, 2269) = ILJug-01, 00146 = Legio-VII 00026",
00636,0088,OtherRef,"CIL 03, 09735",
00637,0089,OtherRef,"CIL 03, 09737 (p 1475) = Legio-VII 00034",
00638,0090,OtherRef,"CIL 03, 09739 = D 02579 = Grbic-2014, 00069",
00639,0091,OtherRef,"CIL 03, 09741 (p 1475) = Legio-VII 00068",
00640,0092,OtherRef,"CIL 03, 09742 (p 1475) = Legio-VII 00071",
00641,0093,OtherRef,"CIL 03, 09744",
00642,0094,OtherRef,"CIL 03, 13973",
00643,0095,OtherRef,"CIL 03, 13975 = AE 1895, 00014",
00644,0096,OtherRef,"CIL 03, 13976 (p 2328,154) = Legio-VII 00025 = AE 2007, 01104",
00645,0097,OtherRef,"CIL 03, 13977",
00646,0098,OtherRef,"CIL 03, 13978 = Legio-VII 00047",
00647,0099,OtherRef,"CIL 03, 14931 (p 2328,114) = Legio-VII 00029 = AE 1897, 00105",
00648,0100,OtherRef,"CIL 03, 14932 (p 2328,114) = Legio-VII 00039 = AE 1900, 00046",
00649,0101,OtherRef,"CIL 03, 14933 = Philippi 00709 = Legio-VII 00048 = CIPh-02-01, p 402",
00650,0102,OtherRef,"CIL 03, 14934 = D 09164 = AE 1900, 00048 = AE 1994, +01357",
00651,0103,OtherRef,"CIL 03, 14935 = AE 1900, 00047",
00652,0104,OtherRef,"CIL 03, 14936",
00653,0105,OtherRef,"CIL 03, 14937",
00654,0106,OtherRef,"CIL 03, 14939",
00655,0107,OtherRef,"CIL 03, 02743 (p 1616)",
00656,0108,OtherRef,"CIL 03, 02745 = Visocnik-2012, 00015",
00657,0109,OtherRef,"CIL 03, 09782",
00658,0110,OtherRef,"CIL 03, 09786 = ILJug-03, 01970 = AE 1941, 00057",
00659,0111,OtherRef,"CIL 03, 14950 = AE 1899, 00158",
00660,0112,OtherRef,"CIL 03, 14951 (p 2328,114) = Legio-VII 00090",
00661,0113,OtherRef,"ILJug-03, 01969 = AE 1941, 00056",
00662,0114,OtherRef,"ILJug-03, 02845 = D 09379 = AE 1905, 00164",
00663,0115,OtherRef,"ILJug-03, 01627 = AHB p 328",
00664,0116,OtherRef,"AE 1987, 00803",
00665,0117,OtherRef,"CIL 03, 14632 = D 09166",
00666,0118,OtherRef,"ILJug-03, 01920 = Legio-VII 00032",
00667,0119,OtherRef,"ILJug-03, 01921 = Legio-VII 00063",
00668,0120,OtherRef,"ILJug-03, 01922",
00669,0121,OtherRef,"ILJug-03, 01923",
00670,0122,OtherRef,"ILJug-03, 01927 = AHB p 309 = Grbic-2014, 00053 = AE 1913, 00138",
00671,0123,OtherRef,"ILJug-03, 01928 = Hernandez-01, 00042 = AE 1907, 00249",
00672,0124,OtherRef,"ILJug-03, 01929",
00673,0125,OtherRef,"ILJug-03, 01931",
00674,0126,OtherRef,"ILJug-03, 01932",
00675,0127,OtherRef,"ILJug-03, 01933",
00676,0128,OtherRef,"ILJug-03, 01934",
00677,0129,OtherRef,"Legio-VII 00060 = AE 2003, 01330",
00678,0130,OtherRef,"OpuscArchZagreb-1997-86,4",
00679,0131,OtherRef,"Legio-VII 00066 = AE 2008, 01058",
00680,0132,OtherRef,"CIL 03, 08486 = Hernandez-01, 00039",
00681,0133,OtherRef,"CIL 03, 08492 = Hernandez-01, 00040",
00682,0134,OtherRef,"CIL 03, 08493 (p 1475) = Legio-VII 00055",
00683,0135,OtherRef,"CIL 03, 08495 (p 2132, 2322, 2328,121)",
00684,0136,OtherRef,"CIL 03, 14226,1 (p 2328,121) = ILJug-03, 01917",
00685,0137,OtherRef,"ILJug-02, 00670 = Legio-VII 00058",
00686,0138,OtherRef,"ILJug-03, 01916 = OpuscArchZagreb-1997-86",
00687,0139,OtherRef,"OpuscArchZagreb-1997-89,19",
00688,0140,OtherRef,"CIL 03, 10094 (p 2328,18) = D 02679",
00689,0141,OtherRef,"CIL 03, *00394,3 = AE 1999, 01234",
00690,0142,OtherRef,"CIL 03, *00394,4 = ZPE-199-232 = AE 1999, 01235",
00691,0143,OtherRef,"CIL 03, *00394,5 = AE 1999, 01236",
00692,0144,OtherRef,"CIL 03, *00394,6 = AE 1999, 01237",
00693,0145,OtherRef,"CIL 03, 02824 (p 1036, 2328,161) = CIL 03, 13249 = Liburnia 00149",
00694,0146,OtherRef,"CIL 03, 02832 (p 1036) = CIL 03, 09892",
00695,0147,OtherRef,"CIL 03, 02833 (p 1036, 1627, 2328,161)",
00696,0148,OtherRef,"CIL 03, 02834 (p 1036, 2328,12) = CIL 03, 09893",
00697,0149,OtherRef,"CIL 03, 02835 (p 1036) = CLE 00992 = D 02257",
00698,0150,OtherRef,"CIL 03, 02836 (p 1036) = D 02651",
00699,0151,OtherRef,"CIL 03, 02838",
00700,0152,OtherRef,"CIL 03, 02839",
00701,0153,OtherRef,"CIL 03, 02841",
00702,0154,OtherRef,"CIL 03, 09898 = Liburnia 00138 = AE 1980, 00688",
00703,0155,OtherRef,"CIL 03, 09899 = Liburnia 00139",
00704,0156,OtherRef,"CIL 03, 09900 = Liburnia 00140",
00705,0157,OtherRef,"CIL 03, 13250 (p 2328,13) = D 05968",
00706,0158,OtherRef,"CIL 03, 13251 (p 2328,114)",
00707,0159,OtherRef,"CIL 03, 13252",
00708,0160,OtherRef,"CIL 03, 13263 (p 2328,15, 2328,114) = AE 1893, 00070",
00709,0161,OtherRef,"CIL 03, 14321,16 = CIL 03, 14987,1 = ILJug-03, 02809",
00710,0162,OtherRef,"CIL 03, 14987 = Liburnia 00135",
00711,0163,OtherRef,"CIL 03, 14988",
00712,0164,OtherRef,"CIL 03, 14991",
00713,0165,OtherRef,"CIL 03, 14992 (p 2328,114) = Legio-VII 00079 = ZPE-197-269",
00714,0166,OtherRef,"CIL 03, 14993",
00715,0167,OtherRef,"CIL 03, 14994 = AEA 2013/14, +00034",
00716,0168,OtherRef,"CIL 03, 14995",
00717,0169,OtherRef,"CIL 03, 14996 (p 2328,114) = AE 1900, 00045 = Barresi-2018, 00008",
00718,0170,OtherRef,"CIL 03, 14997 (p 2328,114) = CBI 00450",
00719,0171,OtherRef,"CIL 03, 14997,1 (p 2328,114)",
00720,0172,OtherRef,"CIL 03, 14998 (p 2328,114)",
00721,0173,OtherRef,"CIL 03, 14999 (p 2328,114)",
00722,0174,OtherRef,"CIL 03, 15001 (p 2328,114) = AE 1900, 00044",
00723,0175,OtherRef,"CIL 05, 00542 = CIL 03, *00394,8 = InscrIt-10-04, 00047 = ZPE-199-231 = AE 1999, +01233 = AE 1999, 01238",
00724,0176,OtherRef,"FRMEC p 141 = AE 2009, 01032 = AE 2012, +01108 = EAOR-09, 00027",
00725,0177,OtherRef,"ILJug-02, 00834",
00726,0178,OtherRef,"ILJug-02, 00835 = ZPE-197-270",
00727,0179,OtherRef,"ILJug-02, 00836",
00728,0180,OtherRef,"ILJug-02, 00837",
00729,0181,OtherRef,"ILJug-02, 00838",
00730,0182,OtherRef,"ILJug-02, 00839",
00731,0183,OtherRef,"ILJug-02, 00840 = AE 1979, 00446",
00732,0184,OtherRef,"ILJug-02, 00841",
00733,0185,OtherRef,"ILJug-02, 00842",
00734,0186,OtherRef,"ILJug-02, 00843 = ZPE-199-235 = AE 1971, 00299",
00735,0187,OtherRef,"ILJug-02, 00846 = AE 1992, 01379",
00736,0188,OtherRef,"ILJug-02, 00847",
00737,0189,OtherRef,"ILJug-02, 00849",
00738,0190,OtherRef,"ILJug-02, 00850",
00739,0191,OtherRef,"ILJug-02, 00852 = AE 1971, 00300",
00740,0192,OtherRef,"ILJug-02, 00855",
00741,0193,OtherRef,"ILJug-03, 02810",
00742,0194,OtherRef,"ILJug-03, 02811",
00743,0195,OtherRef,"ILJug-03, 02812 = AE 1903, 00303 = AE 1925, 00131",
00744,0196,OtherRef,"ILJug-03, 02814 = Gummerus-01, 00399 = AE 1903, 00376",
00745,0197,OtherRef,"ILJug-03, 02817",
00746,0198,OtherRef,"ILJug-03, 02818",
00747,0199,OtherRef,"ILJug-03, 02819",
00748,0200,OtherRef,"ILJug-03, 02820 = AE 1925, 00132",
00749,0201,OtherRef,ZPE-199-236,
00750,0202,OtherRef,"AE 2018, 01277",
00751,0203,OtherRef,"CIL 03, 02882 = Legio-VII 00094",
00752,0204,OtherRef,"CIL 03, 02884 = ILJug-03, 02854 = AE 2010, +01233",
00753,0205,OtherRef,"CIL 03, 02885 = Legio-VII 00023",
00754,0206,OtherRef,"CIL 03, 02886",
00755,0207,OtherRef,"CIL 03, 02887 = D 09067",
00756,0208,OtherRef,"CIL 03, 09973 = D 05953 (p 186) = ILJug-03, 02871 = Legio-VII 00093",
00757,0209,OtherRef,"CIL 03, 09974 (p 1475)",
00758,0210,OtherRef,"CIL 03, 15045,2 = ILJug-03, 02879",
00759,0211,OtherRef,"AE 2009, 01033",
00760,0212,OtherRef,"AE 2009, 01034",
00761,0213,OtherRef,"CIL 03, 09902 = Liburnia 00153",
00762,0214,OtherRef,"CIL 03, 08746 (p 2261) = D 02532 = AE 2013, +01155",
00763,0215,OtherRef,"CIL 03, 06419 (p 2328,114) = CIL 03, 09897 = Hernandez-01, 00036",
00764,0216,OtherRef,"CIL 03, 06420",
00765,0217,OtherRef,"CIL 03, 09903 (p 1475, 2328,12)",
00766,0218,OtherRef,"CIL 03, 09904 (p 1475) = CIL 03, 14321,03",
00767,0219,OtherRef,"CIL 03, 09906 (p 1475) = CIL 03, 14321,04",
00768,0220,OtherRef,"CIL 03, 09908 (p 1475, 2328,13)",
00769,0221,OtherRef,"CIL 03, 09909 (p 2328,114) = CIL 03, 14321,06",
00770,0222,OtherRef,"CIL 03, 09911 = CIL 03, 14321,08",
00771,0223,OtherRef,"CIL 03, 09923e",
00772,0224,OtherRef,"CIL 03, 09924c (p 2328,13)",
00773,0225,OtherRef,"CIL 03, 14321,13 (p 2328,114) = CIL 03, 15000 = AE 1899, 00054",
00774,0226,OtherRef,"CIL 03, 14321,18",
00775,0227,OtherRef,"CIL 03, 14321,19 (p 2328,114, 2328,161)",
00776,0228,OtherRef,"CIL 03, 14321,24",
00777,0229,OtherRef,"ILJug-02, 00647 = AEHercegovine 00046",
00778,0230,OtherRef,"CIL 03, 03127 (p 2172, 2328,176) = CIL 03, 10126",
00779,0231,OtherRef,"CIL 03, 08472 (p 2131) = D 05948 = Legio-VII 00095 = Grbic-2014, 00033 = AE 1890, 00012 = AE 1890, +00123",
00780,0232,OtherRef,"CIL 03, 03051",
00781,0233,OtherRef,"CIL 03, 03052 (p 1643)",
00782,0234,OtherRef,"CIL 03, 03053 = CIL 03, 10066",
00783,0235,OtherRef,"CIL 03, 06364 = CIL 03, 08488 = Legio-VII 00017",
00784,0236,OtherRef,"CIL 03, 06366 (p 2258) = CIL 03, 08491 = D 02582",
00785,0237,OtherRef,"CIL 03, 06368 = CIL 03, 08499",
00786,0238,OtherRef,"CIL 03, 08487 (p 1475) = Legio-VII 00011",
00787,0239,OtherRef,"CIL 03, 12801",
00788,0240,OtherRef,"CIL 03, 14021 (p 2328,178) = AE 1894, 00124",
00789,0241,OtherRef,"ILJug-01, 00113 = ILJug-01, 00114 = AE 1950, 00044 = CINar-02, 00058",
00790,0242,OtherRef,"ILJug-01, 00115 = HistriaArch-2009-315 = AE 1950, 00109 = AE 2009, 01013",
00791,0243,OtherRef,"ILJug-01, 00116 = Grbic-2014, 00189 = AE 1950, 00110",
00792,0244,OtherRef,"Legio-XV-Apo 00133 = AE 1979, 00444",
00793,0245,OtherRef,"OpuscArchZagreb-1997-89,23",
00794,0246,OtherRef,Kurilic 00054 = VarSal 00029,
00795,0247,OtherRef,"BAHD-1994/96-42a = CINar-02, 00087 = CQ-2019-278",
00796,0248,OtherRef,"CIL 03, 06416 (p 82, 2328,114) = CLE 00082",
00797,0249,OtherRef,"CIL 03, 06418 (p 2328,114) = CIL 03, 09896 = D 02259 = Grbic-2014, 00012",
00798,0250,OtherRef,"ILJug-02, 00930 = AE 2012, +01086",
00799,0251,OtherRef,"CIL 03, 02864 (p 1062, 2168) = CIL 03, 09960 = D 01015 (p 173) = BritRom-10, 00023 = Eck-2021a, p 171",
00800,0252,OtherRef,"CIL 03, 02865 (p 2272)",
00801,0253,OtherRef,"ILJug-01, 00208 = Liburnia 00093 = AE 1950, 00111",
00802,0254,OtherRef,"CIL 03, 02982 (p 1037)",
00803,0255,OtherRef,VAMZ-1974-47,
00804,0256,OtherRef,"CIL 03, 10181,2 (p 2328,178) = AE 1890, 00052",
00805,0257,OtherRef,"CIL 03, 13339,1 = AE 1893, 00007",
00806,0258,OtherRef,"CIL 03, 15025 = ILJug-03, 02832 = AE 1981, 00697",
00807,0259,OtherRef,"CIL 03, 15026 = Kurilic 00009 = AE 2003, +01332",
00808,0260,OtherRef,"Legio-VII 00099 = AE 2003, 01332",
00809,0261,OtherRef,"CIL 03, 06415 = CIL 03, 09895",
00810,0262,OtherRef,"ILJug-03, 02956 = AE 1980, 00689 = AE 2012, +01086 = AE 2016, +01224",
00811,0263,OtherRef,"CIL 03, 03114 = Liburnia 00040",
00812,0264,OtherRef,"CIL 03, 10121",
00813,0265,OtherRef,"CIL 03, 06359 (p 1491) = D 02665 = IDRE-02, 00305 = CILGM 00002 = AE 2013, +01188",
00814,0266,OtherRef,"CIL 03, 09885 (p 1475) = D 02322",
00815,0267,OtherRef,"CIL 03, 01914 (p 2328,121) = CIL 03, 08506 = Wilkes-1969, p 112",
00816,0268,OtherRef,"CIL 03, 01915 (p 2328,121) = CIL 03, 08507",
00817,0269,OtherRef,"CIL 03, 09796 = Grbic-2014, 00188",
00818,0270,OtherRef,"ILJug-02, 00756",
00819,0271,OtherRef,"Legio-VII 00089 = AE 1985, 00712 = AE 1981, 00699",
00820,0272,OtherRef,"ILJug-03, 01962 = Grbic-2014, 00020 = AE 1941, 00052",
00821,0273,OtherRef,"ILJug-03, 01963 = AE 1911, +00237",
00822,0274,OtherRef,"CIL 03, 02817 = D 02467 = AE 2002, +00087",
00823,0275,OtherRef,"CIL 03, 02818 (p 1626)",
00824,0276,OtherRef,"CIL 03, 06413 (p 2328,114) = D 02258",
00825,0277,OtherRef,"AE 2009, 01015",
00826,0278,OtherRef,"CIL 03, 01940 = IDRE-02, 00301",
00827,0279,OtherRef,"CIL 03, 01952 = CIL 03, 08567 = D 04106 = CCCA-06, 00166 = Afrique p 782",
00828,0280,OtherRef,"CIL 03, 02004 (p 2328,125)",
00829,0281,OtherRef,"CIL 03, 02013",
00830,0282,OtherRef,"CIL 03, 02014 (p 1509) = Legio-VII 00010 = AE 2010, +01166",
00831,0283,OtherRef,"CIL 03, 02016 = CIL 03, 08577 = D 02530 = Hernandez-01, 00037",
00832,0284,OtherRef,"CIL 03, 02017",
00833,0285,OtherRef,"CIL 03, 02018",
00834,0286,OtherRef,"CIL 03, 02019 = D 07161 = Legio-VII 00027",
00835,0287,OtherRef,"CIL 03, 02021 (p 2135, 2328,125)",
00836,0288,OtherRef,"CIL 03, 02022 (p 1509) = Legio-VII 00015",
00837,0289,OtherRef,"CIL 03, 02024",
00838,0290,OtherRef,"CIL 03, 02026 (p 1030) = D 07162 = ILJug-03, 01961 = AHB p 367 = AE 2014, +01016",
00839,0291,OtherRef,"CIL 03, 02028 (p 1030) = CIL 03, 08753",
00840,0292,OtherRef,"CIL 03, 02029 = Afrique p 724",
00841,0293,OtherRef,"CIL 03, 02030",
00842,0294,OtherRef,"CIL 03, 02031 = Philippi 00710 = CIPh-02-01, p 396",
00843,0295,OtherRef,"CIL 03, 02033 = Legio-VII 00018",
00844,0296,OtherRef,"CIL 03, 02034 = AE 2012, 01086",
00845,0297,OtherRef,"CIL 03, 02035 (p 1030, 1509) = CIL 11, *00642a12",
00846,0298,OtherRef,"CIL 03, 02037 = CIL 03, 08579 = D 02260 (p 177)",
00847,0299,OtherRef,"CIL 03, 02038",
00848,0300,OtherRef,"CIL 03, 02040 (p 1509) = Legio-VII 00035 = AE 2010, +01166",
00849,0301,OtherRef,"CIL 03, 02041 (p 1509) = Legio-VII 00036",
00850,0302,OtherRef,"CIL 03, 02048 = Legio-VII 00053",
00851,0303,OtherRef,"CIL 03, 02049",
00852,0304,OtherRef,"CIL 03, 02051 (p 1030) = CIL 03, 08580",
00853,0305,OtherRef,"CIL 03, 02053",
00854,0306,OtherRef,"CIL 03, 02054 = CIL 03, 08758",
00855,0307,OtherRef,"CIL 03, 02055",
00856,0308,OtherRef,"CIL 03, 02056",
00857,0309,OtherRef,"CIL 03, 02057",
00858,0310,OtherRef,"CIL 03, 02062 = CIL 03, 02069 = CIL 03, 08747 = CIL 05, 02164 = ILJug-03, 02040b04 = ILJug-03, 02098 = AE 2017, +01104 = Tusculum-2017-200",
00859,0311,OtherRef,"CIL 03, 02065 (p 1030) = CIL 05, *00429,225 = D 02506",
00860,0312,OtherRef,"CIL 03, 02068",
00861,0313,OtherRef,"CIL 03, 02071 = ILJug-03, 02040b05 = Legio-VII 00072 = AE 1982, 00763",
00862,0314,OtherRef,"CIL 03, 03198a (p 2275, 2328,19) = CIL 03, 03200 = CIL 03, 10156 = CIL 03, 10158 = CIL 17-04, p 130 = D 02478 = D 05829 = ILJug-01, 00262 = Legio-VII 00091 = AE 1961, 00304 = AE 2006, +01004",
00863,0315,OtherRef,"CIL 03, 08687 (p 1475) = Legio-VII 00088",
00864,0316,OtherRef,"CIL 03, 08693 = D 02600 = ILJug-03, 02282",
00865,0317,OtherRef,"CIL 03, 08716 = Carrieres-01, 00092 = AE 1890, 00053",
00866,0318,OtherRef,"CIL 03, 08723 (p 1475, 2135) = Legio-VII 00005",
00867,0319,OtherRef,"CIL 03, 08725 = CIL 03, 08755 = CIL 03, 13906",
00868,0320,OtherRef,"CIL 03, 08733",
00869,0321,OtherRef,"CIL 03, 08735 = Legio-VII 00009",
00870,0322,OtherRef,"CIL 03, 08736 = AE 1890, 00010",
00871,0323,OtherRef,"CIL 03, 08737",
00872,0324,OtherRef,"CIL 03, 08738 (p 1475)",
00873,0325,OtherRef,"CIL 03, 08739 = CLE 01148",
00874,0326,OtherRef,"CIL 03, 08740 (p 1475)",
00875,0327,OtherRef,"CIL 03, 08744 (p 2326)",
00876,0328,OtherRef,"CIL 03, 08749 = CBI 00481",
00877,0329,OtherRef,"CIL 03, 08757",
00878,0330,OtherRef,"CIL 03, 08760 (p 1475) = Legio-VII 00057",
00879,0331,OtherRef,"CIL 03, 08761 (p 1475) = CIL 03, 12832 = CIL 03, 14239,5",
00880,0332,OtherRef,"CIL 03, 08762 = D 02594",
00881,0333,OtherRef,"CIL 03, 08763 (p 1475) = Legio-VII 00080",
00882,0334,OtherRef,"CIL 03, 08764 (p 1475) = Legio-VII 00064",
00883,0335,OtherRef,"CIL 03, 08766 (p 1475)",
00884,0336,OtherRef,"CIL 03, 08768 (p 1475) = CIL 03, 12833",
00885,0337,OtherRef,"CIL 03, 08769 (p 1475)",
00886,0338,OtherRef,"CIL 03, 08772 (p 1475)",
00887,0339,OtherRef,"CIL 03, 12903",
00888,0340,OtherRef,"CIL 03, 12906",
00889,0341,OtherRef,"CIL 03, 12907 (p 2328,114)",
00890,0342,OtherRef,"CIL 03, 12908",
00891,0343,OtherRef,"CIL 03, 12909 (p 2328,114) = Legio-VII 00085",
00892,0344,OtherRef,"CIL 03, 14246,1 = D 09156 = ILJug-03, 02281 = AE 1897, 00104",
00893,0345,OtherRef,"CIL 03, 14248 (p 2328,114) = Legio-VII 00082",
00894,0346,OtherRef,"CIL 03, 14249,3 (p 2328,127)",
00895,0347,OtherRef,"CIL 03, 14698,1",
00896,0348,OtherRef,"CIL 03, 14699 (p 2328,114) = Legio-VII 00078",
00897,0349,OtherRef,"CIL 03, 14707",
00898,0350,OtherRef,"CIL 03, 14708 (p 2328,114)",
00899,0351,OtherRef,"CIL 16, 00014 = CIL 03, p 0850 (p 1959) = D 01991 (p 175) = FIRA-01, 00027 = AHB p 306 = Grbic-2014, 00057",
00900,0352,OtherRef,"CIL 16, 00038 (p 215) = CIL 03, p 0859 (p 1966) = CIL 12, *00074 = AE 1950, +00196 = Grbic-2014, 00065",
00901,0353,OtherRef,"ILJug-02, 00679 = AE 2012, +01086",
00902,0354,OtherRef,"ILJug-02, 00681",
00903,0355,OtherRef,"ILJug-03, 02090 = Legio-VII 00056",
00904,0356,OtherRef,"ILJug-03, 02091 = Legio-VII 00004",
00905,0357,OtherRef,"ILJug-03, 02092 = Legio-VII 00038 = AE 1904, 00172",
00906,0358,OtherRef,"ILJug-03, 02093 = Legio-VII 00069",
00907,0359,OtherRef,"ILJug-03, 02097 = AE 1914, 00075 = AE 2006, 01009",
00908,0360,OtherRef,"ILJug-03, 02200",
00909,0361,OtherRef,"ILJug-03, 02280 = Legio-VII 00050",
00910,0362,OtherRef,"ILJug-03, 02600 = Salone-01, 00004 = Legio-VII 00070",
00911,0363,OtherRef,"ILJug-03, 02601 = Salone-01, 00005 = Legio-VII 00051",
00912,0364,OtherRef,"Legio-VII 00033 = VarSal 00017 = AE 1996, 01215 = AE 2001, +01606",
00913,0365,OtherRef,"Legio-VII 00041 = AE 1991, 01291",
00914,0366,OtherRef,"Legio-VII 00059 = AE 1991, 01290",
00915,0367,OtherRef,"ZPE-172-223 = AE 2006, 01013 = AE 2010, +01167",
00916,0368,OtherRef,ZPE-222-279,
00917,0369,OtherRef,"CIL 03, 06417 (p 2328,114) = ERZaragoza 00101 = Hernandez-01, 00035",
00918,0370,OtherRef,"CIL 03, 09832 (p 2328,11) = D 05949 = Legio-VII 00096 = Grbic-2014, 00018 = AE 1890, 00011",
00919,0371,OtherRef,"CIL 03, 09834 = D 02563 = Hernandez-01, 00041",
00920,0372,OtherRef,"ILJug-03, 02802 = AE 1925, 00133",
00921,0373,OtherRef,"CIL 03, 08781 = CIL 03, 09738 = ILJug-03, 01941 = Legio-VII 00043",
00922,0374,OtherRef,"ILJug-02, 00733 = Legio-VII 00087",
00923,0375,OtherRef,"ILJug-03, 01940",
00924,0376,OtherRef,"ILJug-03, 01942",
00925,0377,OtherRef,"ILJug-03, 01949 = Legio-VII 00014",
00926,0378,OtherRef,"ILJug-03, 01950 = CLE 01876 = Legio-VII 00020 = Grassl-2010a, p 145",
00927,0379,OtherRef,"ILJug-03, 01951",
00928,0380,OtherRef,"ILJug-03, 01952 = Legio-VII 00084",
00929,0381,OtherRef,"ILJug-03, 01953 = AE 1904, 00011",
00930,0382,OtherRef,"Legio-VII 00006 = AE 1995, 01231",
00931,0383,OtherRef,"Legio-VII 00042 = AE 1995, 01232",
00932,0384,OtherRef,"CIL 03, 02678 = CIL 03, 09699 = Legio-VII 00067",
00933,0385,OtherRef,"CIL 03, 09711 (p 1475) = Legio-VII 00077",
00934,0386,OtherRef,"CIL 03, 03027 (p 2328,114) = ILJug-01, 00252",
00935,0387,OtherRef,"AE 1988, 00923",
00936,0388,OtherRef,"CIL 03, 09864a (p 2165, 2270) = D 05950 = AHB p 317 = Legio-VII 00097 = Grbic-2014, 00050",
00937,0389,OtherRef,"AE 2016, 01205 = EpRom 2016_31_005",
00938,0390,OtherRef,"CIL 03, 09712 (p 1475) = Legio-VII 00065",
00939,0391,OtherRef,"Legio-VII 00040 = Dodig-2003, 00004",
00940,0392,OtherRef,"CIL 03, 01773 = D 03245 = CINar-01, 00001 = AE 1999, +01221 = AE 2013, +01186",
00941,0393,OtherRef,"CIL 03, 01789 = CIL 03, 06363 = CIL 03, 08485 = CINar-01, 00014",
00942,0394,OtherRef,"CIL 03, 01812 (p 1494) = CINar-01, 00005 = CINar-02, p 178",
00943,0395,OtherRef,"CIL 03, 01813 (p 1494) = CINar-01, 00032 = Legio-VII 00016 = CINar-02, p 178",
00944,0396,OtherRef,"CIL 03, 01815 (p 1494) = CINar-01, 00033 = CINar-02, p 181",
00945,0397,OtherRef,"CIL 03, 01818 = Legio-VII 00052 = CINar-02, 00078",
00946,0398,OtherRef,"CIL 03, 08436 (p 1475) = Hernandez-01, 00038 = CINar-02, 00076",
00947,0399,OtherRef,"CIL 03, 08438 = D 02597 = Barresi-2018, 00035 = CINar-02, 00080",
00948,0400,OtherRef,"CIL 03, 08439 = ILJug-03, 01865 = D 02593 = CINar-02, 00081",
00949,0401,OtherRef,"CIL 03, 14623,3 = CINar-02, 00005",
00950,0402,OtherRef,"CINar-02, 00083",
00951,0403,OtherRef,"ILJug-02, 00653 = CINar-02, 00075",
00952,0404,OtherRef,"ILJug-01, 00258",
00953,0405,OtherRef,"AE 1999, 01232",
00954,0406,OtherRef,"Kurilic 00119 = AE 1999, 01231",
00955,0407,OtherRef,"Legio-VII 00001 = Kurilic 00118 = AE 1999, 01230",
00956,0408,OtherRef,"AE 1986, 00547 = AE 2000, 01181 = AE 2016, +01209",
00957,0409,OtherRef,"CIL 03, 02908 (p 1635, 2273) = D 02280 = IGLFriuli 00013 = Horster p 396",
00958,0410,OtherRef,"CIL 03, 02910 (p 1475) = CIL 03, 09996",
00959,0411,OtherRef,"CIL 03, 02911",
00960,0412,OtherRef,"CIL 03, 02912",
00961,0413,OtherRef,"CIL 03, 02913 = Legio-VII 00007",
00962,0414,OtherRef,"CIL 03, 02914 = Legio-VII 00013",
00963,0415,OtherRef,"CIL 03, 02915",
00964,0416,OtherRef,"CIL 03, 02916 = CIL 03, 09984",
00965,0417,OtherRef,"CIL 03, 02917 = CIL 03, 09985 = D 02647 = IDRE-02, 00291",
00966,0418,OtherRef,"CIL 03, 02918",
00967,0419,OtherRef,"CIL 03, 02968a",
00968,0420,OtherRef,"ILJug-02, 00889 = AE 1961, 00303",
00969,0421,OtherRef,"ILJug-02, 00899",
00970,0422,OtherRef,"ILJug-02, 00900 = CBI 00430",
00971,0423,OtherRef,"ILJug-02, 00945 = AE 1967, 00355 = AE 1983, 00744 = AE 2001, +01723",
00972,0424,OtherRef,Lupa 23286,
00973,0425,OtherRef,"AE 2011, 00888",
00974,0426,OtherRef,"CIL 03, 14022 (p 2328,179)",
00975,0427,OtherRef,Legio-VII 00076,
00976,0428,OtherRef,Legio-VII 00100,
00977,0429,OtherRef,Legio-VII 00101,
00978,0430,OtherRef,Legio-VII 00102,
00979,0431,OtherRef,Legio-VII 00103,
00980,0432,OtherRef,Legio-VII 00104,
00981,0433,OtherRef,Legio-VII 00105,
00982,0434,OtherRef,Legio-VII 00106,
00983,0435,OtherRef,REMCacak 00002,
00984,0436,OtherRef,"CIL 03, 15007a",
00985,0437,OtherRef,"CIL 03, 15007b",
00986,0438,OtherRef,"CIL 03, 15007c",
00987,0439,OtherRef,"CIL 03, 15007d",
00988,0440,OtherRef,"CIL 03, 15036d",
00989,0441,OtherRef,"CIL 03, 15036e",
00990,0442,OtherRef,"CIL 03, 15040",
00991,0443,OtherRef,"CIL 03, 15041a",
00992,0444,OtherRef,"CIL 03, 15041b",
00993,0445,OtherRef,"CIL 03, 15041c",
00994,0446,OtherRef,"CIL 03, 15041d",
00995,0447,OtherRef,"CIL 03, 15041f",
00996,0448,OtherRef,"CIL 03, 15041g",
00997,0449,OtherRef,"CIL 03, 15041h",
00998,0450,OtherRef,"CIL 03, 15041i",
00999,0451,OtherRef,REMCacak 00007,
01000,0452,OtherRef,REMCacak 00009,
01001,0453,OtherRef,REMCacak 00011,
01002,0454,OtherRef,REMCacak 00018,
01003,0455,OtherRef,REMCacak 00044,
01004,0456,OtherRef,"ZPE-207-279,1 = AE 2018, 01262",
01005,0457,OtherRef,Legio-VII 00111,
01006,0458,OtherRef,Legio-VII 00113,
01007,0459,OtherRef,"AE 1940, 00178",
01008,0460,OtherRef,"AE 2010, 01216",
01009,0461,OtherRef,Bulic 01567,
01010,0462,OtherRef,Bulic 01568,
01011,0463,OtherRef,Bulic 01570,
01012,0464,OtherRef,"CIL 03, 10188,12",
01013,0465,OtherRef,"CIL 03, 13344,8",
01014,0466,OtherRef,"CIL 03, 13348",
01015,0467,OtherRef,"CIL 03, 13350 (p 2328,181)",
01016,0468,OtherRef,"CIL 03, 14035,2",
01017,0469,OtherRef,"CIL 03, 14336,1",
01018,0470,OtherRef,"CIL 03, 15131,2",
01019,0471,OtherRef,CLE 02123,
01020,0472,OtherRef,FRMEC p 106,
01021,0473,OtherRef,Legio-VII 00112,
01022,0474,OtherRef,Legio-VII 00114,
01023,0475,OtherRef,Legio-VII 00115,
01024,0476,OtherRef,"CIL 03, 10182a (p 2328,178)",
01025,0477,OtherRef,"CIL 03, 10182b (p 2328,178)",
01026,0478,OtherRef,"CIL 03, 10182c (p 2328,178)",
01027,0479,OtherRef,"CIL 03, 10188,17",
01028,0480,OtherRef,"CIL 03, 15110c",
01029,0481,OtherRef,"ILJug-03, 01967",
01030,0482,OtherRef,"CIL 03, 09886",
01031,0483,OtherRef,"CIL 03, 06435 (p 2328,178) = CIL 03, 10181,1 = CIL 03, 13339,2",
01032,0484,OtherRef,"CIL 17-04, 00355 = ILJug-03, 02978",
01033,0485,OtherRef,Lupa 30371,
01034,0486,OtherRef,OpuscArchZagreb-1997-89,
01035,0487,OtherRef,Kurilic 00123,
01036,0488,OtherRef,"ILJug-03, 01918",
01037,0489,OtherRef,Lupa 23814,
01038,0490,OtherRef,"AE 2016, 01207* = EpRom 2016_31_006",
01039,0491,OtherRef,"CIL 03, 02837",
01040,0492,OtherRef,"CIL 03, 13344,1",
01041,0493,OtherRef,"CIL 03, 13344,3",
01042,0494,OtherRef,"CIL 03, 15110a",
01043,0495,OtherRef,"CIL 03, 15110b",
01044,0496,OtherRef,"CIL 03, 15114",
01045,0497,OtherRef,FRMEC p 100,
01046,0498,OtherRef,"ILJug-03, 02816",
01047,0499,OtherRef,Liburnia 00134,
01048,0500,OtherRef,Lupa 23139,
01049,0501,OtherRef,Lupa 23269,
01050,0502,OtherRef,"ILJug-03, 02028,3228 = Legio-VII 00081",
01051,0503,OtherRef,"CIL 03, 09923b (p 2328)",
01052,0504,OtherRef,"CIL 03, 10184,34b",
01053,0505,OtherRef,"CIL 03, 15129,01",
01054,0506,OtherRef,"CIL 03, 15129,02",
01055,0507,OtherRef,"CIL 03, 15129,03",
01056,0508,OtherRef,"CIL 03, 15129,04",
01057,0509,OtherRef,Legio-VII 00107,
01058,0510,OtherRef,"CIL 17-04, 00356",
01059,0511,OtherRef,OpuscArchZagreb-1997-88,
01060,0512,OtherRef,Lupa 24259,
01061,0513,OtherRef,"ILJug-03, 01980c",
01062,0514,OtherRef,"CIL 03, 15110f",
01063,0515,OtherRef,"CIL 03, *00112 = CILGM p 109",
01064,0516,OtherRef,"ILJug-02, 00747",
01065,0517,OtherRef,Legio-VII 00108,
01066,0518,OtherRef,Legio-VII 00109,
01067,0519,OtherRef,Legio-VII 00110,
01068,0520,OtherRef,"AE 2015, 01072",
01069,0521,OtherRef,"CIL 03, 15113,1",
01070,0522,OtherRef,"ILJug-03, 02095",
01071,0523,OtherRef,"ILJug-03, 02568,3159",
01072,0524,OtherRef,"ILJug-03, 02568,3790",
01073,0525,OtherRef,"ILJug-03, 02568,3799",
01074,0526,OtherRef,"ILJug-03, 02568,4208",
01075,0527,OtherRef,"ILJug-03, 02568,4688",
01076,0528,OtherRef,"ILJug-03, 02569aa",
01077,0529,OtherRef,Kurilic 00076,
01078,0530,OtherRef,Legio-VII 00086,
01079,0531,OtherRef,Lupa 24649,
01080,0532,OtherRef,Lupa 24662,
01081,0533,OtherRef,"CIL 03, 15110d",
01082,0534,OtherRef,"CIL 03, 15110e",
01083,0535,OtherRef,"AE 1893, 00009",
01084,0536,OtherRef,"CIL 03, 13339,3",
01085,0537,OtherRef,Liburnia 00122,
01086,0538,OtherRef,Lupa 22895,
01087,0539,OtherRef,Lupa 22900,
01088,0540,OtherRef,Lupa 22970,
01089,0541,OtherRef,Lupa 23028,
01090,0542,OtherRef,Lupa 23077,
01091,0543,OtherRef,Lupa 23083,
01092,0544,OtherRef,Lupa 23088,
01093,0545,OtherRef,Lupa 23129,
01094,0546,OtherRef,Lupa 23237,
01095,0547,OtherRef,Lupa 23279,
01096,0548,OtherRef,Lupa 23284,
